"2024-12-04 10:39:02","95786.4","96650","95313.7"
"2024-12-04 10:39:59","95786","96650","95313.7"
"2024-12-04 10:40:02","95786","96650","95313.7"
"2024-12-04 10:41:02","95781.4","96650","95313.7"
"2024-12-04 10:42:02","95700.1","96650","95313.7"
"2024-12-04 10:43:02","95700.1","96650","95313.7"
"2024-12-04 10:44:03","95688","96650","95313.7"
"2024-12-04 10:45:02","95681.9","96650","95313.7"
"2024-12-04 10:51:03","95716.8","96650","95313.7"
"2024-12-04 10:52:02","95781","96650","95313.7"
"2024-12-04 10:53:02","95787.1","96650","95313.7"
"2024-12-04 10:54:03","95788.2","96650","95313.7"
"2024-12-04 10:55:02","95830","96650","95313.7"
"2024-12-04 10:56:02","95830","96650","95313.7"
"2024-12-04 14:55:03","96654","96721.3","95313.7"
"2024-12-04 14:56:02","96654.1","96721.3","95313.7"
"2024-12-04 14:57:02","96618","96721.3","95313.7"
"2024-12-04 14:58:02","96576.8","96721.3","95313.7"
"2024-12-04 14:59:02","96576.9","96721.3","95313.7"
"2024-12-04 15:00:02","96576.8","96721.3","95313.7"
"2024-12-04 15:01:02","96576.9","96721.3","95313.7"
"2024-12-04 15:02:02","96630.7","96721.3","95313.7"
"2024-12-04 15:03:02","96630.7","96721.3","95313.7"
"2024-12-04 15:04:02","96576.8","96721.3","95313.7"
"2024-12-04 15:05:02","96543.4","96721.3","95313.7"
"2024-12-04 15:06:02","96540.2","96721.3","95313.7"
"2024-12-04 15:07:02","96540.3","96721.3","95313.7"
"2024-12-04 15:08:02","96540.1","96721.3","95313.7"
"2024-12-04 15:09:02","96538.4","96721.3","95313.7"
"2024-12-04 15:10:02","96535.1","96721.3","95313.7"
"2024-12-04 15:11:01","96535.1","96721.3","95313.7"
"2024-12-04 15:12:02","96528.4","96721.3","95313.7"
"2024-12-04 15:13:02","96528.4","96721.3","95313.7"
"2024-12-04 15:14:02","96528.4","96721.3","95313.7"
"2024-12-04 15:15:02","96500","96721.3","95313.7"
"2024-12-04 15:16:02","96528.3","96721.3","95313.7"
"2024-12-04 15:17:02","96500","96721.3","95313.7"
"2024-12-04 15:18:02","96528.1","96721.3","95313.7"
"2024-12-04 15:19:02","96528.1","96721.3","95313.7"
"2024-12-04 15:20:02","96600","96721.3","95313.7"
"2024-12-04 15:21:02","96599.9","96721.3","95313.7"
"2024-12-04 15:22:02","96565.3","96721.3","95313.7"
"2024-12-04 15:23:02","96528.4","96721.3","95313.7"
"2024-12-04 15:24:02","96559","96721.3","95313.7"
"2024-12-04 15:25:02","96558.9","96721.3","95313.7"
"2024-12-04 15:26:02","96558.8","96721.3","95313.7"
"2024-12-04 15:27:02","96558.8","96721.3","95313.7"
"2024-12-04 15:28:02","96558.8","96721.3","95313.7"
"2024-12-04 15:29:02","96558.9","96721.3","95313.7"
"2024-12-04 15:30:02","96558.9","96721.3","95313.7"
"2024-12-04 15:31:02","96558.9","96721.3","95313.7"
"2024-12-04 15:32:02","96558.9","96721.3","95313.7"
"2024-12-04 15:33:02","96600","96721.3","95313.7"
"2024-12-04 15:34:02","96679.7","96721.3","95313.7"
"2024-12-04 15:35:02","96679.8","96721.3","95313.7"
"2024-12-04 15:36:02","96679.8","96721.3","95313.7"
"2024-12-04 15:37:03","96632.6","96721.3","95313.7"
"2024-12-04 15:38:02","96679.9","96721.3","95313.7"
"2024-12-04 15:39:01","96679.8","96721.3","95313.7"
"2024-12-04 15:40:02","96679.9","96721.3","95313.7"
"2024-12-04 15:41:02","96679.8","96721.3","95313.7"
"2024-12-04 15:42:02","96699.3","96721.3","95313.7"
"2024-12-04 15:43:02","96715","96721.3","95313.7"
"2024-12-04 15:44:02","96714.9","96721.3","95313.7"
"2024-12-04 15:45:02","96714.8","96721.3","95313.7"
"2024-12-04 15:46:02","96679.8","96721.3","95313.7"
"2024-12-04 15:47:02","96640.1","96721.3","95313.7"
"2024-12-04 15:48:02","96604.4","96721.3","95313.7"
"2024-12-04 15:49:02","96604.3","96721.3","95313.7"
"2024-12-04 15:50:02","96565.4","96721.3","95313.7"
"2024-12-04 15:51:02","96542.9","96721.3","95313.7"
"2024-12-04 15:52:02","96543","96721.3","95313.7"
"2024-12-04 15:53:02","96555.1","96721.3","95313.7"
"2024-12-04 15:54:02","96555","96721.3","95313.7"
"2024-12-04 15:55:02","96559.4","96721.3","95313.7"
"2024-12-04 15:56:02","96560.3","96721.3","95313.7"
"2024-12-04 15:57:02","96565.1","96721.3","95313.7"
"2024-12-04 15:58:02","96631.7","96721.3","95313.7"
"2024-12-05 10:04:02","98402.9","98952.8","98120"
"2024-12-05 10:05:02","98416.5","98952.8","98120"
"2024-12-05 10:06:02","98392.1","98952.8","98120"
"2024-12-05 10:07:02","98392.1","98952.8","98120"
"2024-12-05 10:08:02","98551.8","98952.8","98120"
"2024-12-05 10:09:02","98583.6","98952.8","98120"
"2024-12-05 10:10:02","98595.8","98952.8","98120"
"2024-12-05 10:11:02","98551.8","98952.8","98120"
"2024-12-05 10:12:02","98495","98952.8","98120"
"2024-12-05 10:13:02","98478","98952.8","98120"
"2024-12-05 10:14:01","98495.1","98952.8","98120"
"2024-12-05 10:15:02","98501.3","98952.8","98120"
"2024-12-05 10:16:02","98455.1","98952.8","98120"
"2024-12-05 10:17:02","98499.9","98952.8","98120"
"2024-12-05 10:18:02","98600","98952.8","98120"
"2024-12-05 10:19:02","98697","98952.8","98120"
"2024-12-05 10:20:02","98698","98952.8","98120"
"2024-12-05 10:21:02","98662.5","98952.8","98120"
"2024-12-05 10:22:02","98667.9","98952.8","98120"
"2024-12-05 10:23:02","98693","98952.8","98120"
"2024-12-05 10:24:02","98700","98952.8","98120"
"2024-12-05 10:25:02","98715.7","98952.8","98120"
"2024-12-05 10:26:02","98715.9","98952.8","98120"
"2024-12-05 10:27:02","98785.2","98952.8","98120"
"2024-12-05 10:28:02","98999.9","98999.9","98120"
"2024-12-05 10:29:02","98994.8","99000","98120"
"2024-12-05 10:30:02","99318.9","99319","98120"
"2024-12-05 10:31:02","99389.4","99389.4","98120"
"2024-12-05 10:32:02","99389.4","99389.4","98120"
"2024-12-05 10:33:02","99729.9","99749","98120"
"2024-12-05 10:34:02","99934","99934.1","98120"
"2024-12-05 10:35:02","99808","99969","98120"
"2024-12-05 10:36:02","99969","99969","98120"
"2024-12-05 10:37:02","99999","99999","98120"
"2024-12-05 10:38:02","99809.9","99999","98120"
"2024-12-05 10:39:02","99999","99999","98120"
"2024-12-05 10:40:02","99944.3","100000","98120"
"2024-12-05 10:41:02","100000","100000","98120"
"2024-12-05 10:42:02","100564","100564","98120"
"2024-12-05 10:43:02","101418","101420","98120"
"2024-12-05 10:44:02","101031","101420","98120"
"2024-12-05 10:45:02","101304","101420","98120"
"2024-12-05 10:46:02","101000","101464","98120"
"2024-12-05 10:47:02","100946","101464","98120"
"2024-12-05 10:48:02","101392","101464","98120"
"2024-12-05 10:49:02","101433","101598","98120"
"2024-12-05 10:50:02","101160","101598","98120"
"2024-12-05 10:51:02","101032","101598","98120"
"2024-12-05 10:52:02","100772","101598","98120"
"2024-12-05 13:17:02","103187","104016","98120"
"2024-12-05 13:18:02","103315","104016","98120"
"2024-12-05 13:19:02","103315","104016","98120"
"2024-12-05 13:20:02","103316","104016","98120"
"2024-12-05 13:21:02","103316","104016","98120"
"2024-12-05 13:22:02","103366","104016","98120"
"2024-12-05 13:23:02","103400","104016","98120"
"2024-12-05 13:24:02","103400","104016","98120"
"2024-12-05 13:25:02","103401","104016","98120"
"2024-12-05 13:26:02","103400","104016","98120"
"2024-12-05 13:27:02","103445","104016","98120"
"2024-12-05 13:28:02","103450","104016","98120"
"2024-12-05 13:29:02","103450","104016","98120"
"2024-12-05 13:30:02","103427","104016","98120"
"2024-12-05 13:31:02","103400","104016","98120"
"2024-12-05 13:32:02","103230","104016","98120"
"2024-12-05 13:33:02","103250","104016","98120"
"2024-12-05 13:34:02","103250","104016","98120"
"2024-12-05 13:35:02","103250","104016","98120"
"2024-12-05 13:36:02","103250","104016","98120"
"2024-12-05 13:37:02","103158","104016","98120"
"2024-12-05 13:38:02","103160","104016","98120"
"2024-12-05 13:39:02","103160","104016","98120"
"2024-12-05 13:40:02","102859","104016","98120"
"2024-12-05 13:41:02","102570","104016","98120"
"2024-12-05 13:42:02","102432","104016","98120"
"2024-12-05 13:43:02","102231","104016","98120"
"2024-12-05 13:44:02","102228","104016","98120"
"2024-12-05 13:45:02","102172","104016","98120"
"2024-12-05 13:46:02","102146","104016","98120"
"2024-12-05 13:47:02","101870","104016","98120"
"2024-12-05 13:48:02","102141","104016","98120"
"2024-12-05 13:49:02","102201","104016","98120"
"2024-12-05 13:50:02","102291","104016","98120"
"2024-12-05 13:51:02","102432","104016","98120"
"2024-12-05 13:52:02","102490","104016","98120"
"2024-12-05 13:53:02","102554","104016","98120"
"2024-12-05 13:54:02","102636","104016","98120"
"2024-12-05 13:55:02","102600","104016","98120"
"2024-12-05 13:56:01","102560","104016","98120"
"2024-12-05 13:57:02","102556","104016","98120"
"2024-12-05 13:58:02","102538","104016","98120"
"2024-12-05 13:59:02","102482","104016","98120"
"2024-12-05 14:00:01","102499","104016","98120"
"2024-12-05 14:01:02","102432","104016","98120"
"2024-12-05 14:02:03","102664","104016","98120"
"2024-12-05 14:03:02","102664","104016","98120"
"2024-12-05 14:04:02","102619","104016","98120"
"2024-12-05 14:05:02","102514","104016","98120"
"2024-12-05 14:06:02","102499","104016","98120"
"2024-12-05 14:07:02","102370","104016","98120"
"2024-12-05 14:08:02","102265","104016","98120"
"2024-12-05 14:09:02","102210","104016","98120"
"2024-12-05 14:10:02","102262","104016","98120"
"2024-12-05 14:11:02","102262","104016","98120"
"2024-12-05 14:12:02","102135","104016","98120"
"2024-12-05 14:13:02","102083","104016","98120"
"2024-12-05 14:14:02","102100","104016","98120"
"2024-12-05 14:15:02","102075","104016","98120"
"2024-12-05 14:16:02","102026","104016","98120"
"2024-12-05 14:17:02","101948","104016","98120"
"2024-12-05 14:18:02","102024","104016","98120"
"2024-12-05 14:19:02","101820","104016","98120"
"2024-12-05 14:20:02","101630","104016","98120"
"2024-12-05 14:21:02","101600","104016","98120"
"2024-12-05 14:22:03","101552","104016","98120"
"2024-12-05 14:23:02","101740","104016","98120"
"2024-12-05 14:24:02","101813","104016","98120"
"2024-12-05 14:25:02","101812","104016","98120"
"2024-12-05 14:26:02","101849","104016","98120"
"2024-12-05 14:27:02","101890","104016","98120"
"2024-12-05 14:28:02","101927","104016","98120"
"2024-12-05 14:29:02","101927","104016","98120"
"2024-12-05 14:30:02","101903","104016","98120"
"2024-12-05 14:31:02","101850","104016","98120"
"2024-12-05 14:32:02","101812","104016","98120"
"2024-12-05 14:33:02","101641","104016","98120"
"2024-12-05 14:34:02","101850","104016","98120"
"2024-12-05 14:35:02","101865","104016","98120"
"2024-12-05 14:36:02","101895","104016","98120"
"2024-12-05 14:37:02","101896","104016","98120"
"2024-12-05 14:38:02","101895","104016","98120"
"2024-12-05 14:39:03","101895","104016","98120"
"2024-12-05 14:40:02","101900","104016","98120"
"2024-12-05 14:41:02","101900","104016","98120"
"2024-12-05 14:42:02","101900","104016","98120"
"2024-12-05 14:43:02","101900","104016","98120"
"2024-12-05 14:44:02","101900","104016","98120"
"2024-12-05 14:45:02","101927","104016","98120"
"2024-12-05 14:46:02","101928","104016","98120"
"2024-12-05 14:47:02","101895","104016","98120"
"2024-12-05 14:48:02","101900","104016","98120"
"2024-12-05 14:49:02","101945","104016","98120"
"2024-12-05 14:50:02","101953","104016","98120"
"2024-12-05 14:51:03","101953","104016","98120"
"2024-12-05 14:52:02","101952","104016","98120"
"2024-12-05 14:53:02","101927","104016","98120"
"2024-12-05 14:54:02","101931","104016","98120"
"2024-12-05 14:55:02","101900","104016","98120"
"2024-12-05 14:56:02","101900","104016","98120"
"2024-12-05 14:57:02","101904","104016","98120"
"2024-12-05 14:58:02","101944","104016","98120"
"2024-12-05 14:59:02","101941","104016","98120"
"2024-12-05 15:00:02","101960","104016","98120"
"2024-12-05 15:01:02","101941","104016","98120"
"2024-12-05 15:02:02","101941","104016","98120"
"2024-12-05 15:03:02","101932","104016","98120"
"2024-12-05 15:04:02","101920","104016","98120"
"2024-12-05 15:05:02","101910","104016","98120"
"2024-12-05 15:06:02","101924","104016","98120"
"2024-12-05 15:07:02","101924","104016","98120"
"2024-12-05 15:08:02","101941","104016","98120"
"2024-12-05 15:09:02","101941","104016","98120"
"2024-12-05 15:10:02","101924","104016","98120"
"2024-12-05 15:11:02","101831","104016","98120"
"2024-12-05 15:12:02","101808","104016","98120"
"2024-12-05 15:13:02","101660","104016","98120"
"2024-12-05 15:14:02","101738","104016","98120"
"2024-12-05 15:15:02","101663","104016","98120"
"2024-12-05 15:16:02","101662","104016","98120"
"2024-12-05 15:17:02","101425","104016","98120"
"2024-12-05 15:18:02","101423","104016","98120"
"2024-12-05 15:19:02","101481","104016","98120"
"2024-12-05 15:20:02","101682","104016","98120"
"2024-12-05 15:21:02","101781","104016","98120"
"2024-12-05 15:22:02","101781","104016","98120"
"2024-12-05 15:23:02","101920","104016","98120"
"2024-12-05 15:24:02","101960","104016","98120"
"2024-12-05 15:25:02","101960","104016","98120"
"2024-12-05 15:26:02","101960","104016","98120"
"2024-12-05 15:27:02","102100","104016","98120"
"2024-12-05 15:28:02","102100","104016","98120"
"2024-12-05 15:29:02","102161","104016","98120"
"2024-12-05 15:30:02","102150","104016","98120"
"2024-12-05 15:31:02","102196","104016","98120"
"2024-12-05 15:32:02","102308","104016","98120"
"2024-12-05 15:33:02","102343","104016","98120"
"2024-12-05 15:34:02","102293","104016","98120"
"2024-12-05 15:35:02","102350","104016","98120"
"2024-12-05 15:36:02","102368","104016","98120"
"2024-12-05 15:37:02","102375","104016","98120"
"2024-12-05 15:38:02","102380","104016","98120"
"2024-12-05 15:39:02","102380","104016","98120"
"2024-12-05 15:40:02","102350","104016","98120"
"2024-12-05 15:41:02","102382","104016","98120"
"2024-12-05 15:42:02","102393","104016","98120"
"2024-12-05 15:43:02","102431","104016","98120"
"2024-12-05 15:44:02","102460","104016","98120"
"2024-12-05 15:45:02","102541","104016","98120"
"2024-12-05 15:46:02","102541","104016","98120"
"2024-12-05 15:47:02","102520","104016","98120"
"2024-12-05 15:48:02","102525","104016","98120"
"2024-12-05 15:49:02","102564","104016","98120"
"2024-12-05 15:50:02","102430","104016","98120"
"2024-12-05 15:51:02","102430","104016","98120"
"2024-12-05 15:52:02","102350","104016","98120"
"2024-12-05 15:53:03","102350","104016","98120"
"2024-12-05 15:54:02","102714","104016","98120"
"2024-12-06 18:32:24","97961.7","98827.6","96510.3"
"2024-12-06 18:33:02","97983.7","98827.6","96510.3"
"2024-12-06 18:34:02","97900.1","98827.6","96510.3"
"2024-12-06 18:35:02","97900","98827.6","96510.3"
"2024-12-06 18:36:02","98046.4","98827.6","96510.3"
"2024-12-06 18:37:02","98204.1","98827.6","96510.3"
"2024-12-07 15:29:02","99444.4","100501","99000"
"2024-12-07 15:30:02","99503.7","100501","99000"
"2024-12-07 16:14:02","99607.1","100501","99000"
"2024-12-07 16:14:13","99607.1","100501","99000"
"2024-12-07 16:15:02","99607","100501","99000"
"2024-12-07 16:16:02","99575","100501","99000"
"2024-12-07 16:17:02","99575.1","100501","99000"
"2024-12-07 16:18:02","99536.3","100501","99000"
"2024-12-07 16:19:02","99505.6","100501","99000"
"2024-12-07 16:20:02","99474.1","100501","99000"
"2024-12-07 16:21:02","99456.8","100501","99000"
"2024-12-07 16:22:02","99470.9","100501","99000"
"2024-12-07 16:23:02","99435.6","100501","99000"
"2024-12-07 16:24:03","99474","100501","99000"
"2024-12-07 16:25:02","99540.7","100501","99000"
"2024-12-07 16:26:02","99540.1","100501","99000"
"2024-12-07 16:27:02","99504.8","100501","99000"
"2024-12-07 16:28:02","99504.8","100501","99000"
"2024-12-07 16:29:02","99551.2","100501","99000"
"2024-12-07 16:30:02","99551.2","100501","99000"
"2024-12-07 16:31:02","99551.3","100501","99000"
"2024-12-07 16:32:02","99551.3","100501","99000"
"2024-12-07 16:33:02","99551.3","100501","99000"
"2024-12-07 16:34:02","99510.7","100501","99000"
"2024-12-07 16:35:02","99513.1","100501","99000"
"2024-12-07 16:36:02","99571.8","100501","99000"
"2024-12-07 16:37:01","99583.9","100501","99000"
"2024-12-07 16:38:02","99576.6","100501","99000"
"2024-12-07 16:39:02","99513.2","100501","99000"
"2024-12-07 16:40:02","99476.9","100501","99000"
"2024-12-07 16:41:02","99430.7","100501","99000"
"2024-12-07 16:42:02","99486.1","100501","99000"
"2024-12-07 16:43:02","99486","100501","99000"
"2024-12-07 16:44:02","99546.1","100501","99000"
"2024-12-07 16:45:02","99559.6","100501","99000"
"2024-12-07 16:46:02","99577.8","100501","99000"
"2024-12-07 16:47:02","99638","100501","99000"
"2024-12-07 16:48:02","99638","100501","99000"
"2024-12-07 16:49:02","99637.9","100501","99000"
"2024-12-07 16:50:02","99638","100501","99000"
"2024-12-07 16:51:02","99642.3","100501","99000"
"2024-12-07 16:52:02","99690","100501","99000"
"2024-12-07 16:53:02","99637.9","100501","99000"
"2024-12-08 15:45:03","99840","100360","99427.3"
"2024-12-08 15:46:03","99839.9","100360","99427.3"
"2024-12-08 15:47:02","99839.9","100360","99427.3"
"2024-12-08 15:48:02","99839.9","100360","99427.3"
"2024-12-08 15:49:02","99825.5","100360","99427.3"
"2024-12-08 15:50:02","99815.3","100360","99427.3"
"2024-12-08 15:51:02","99801.8","100360","99427.3"
"2024-12-08 15:52:02","99801.8","100360","99427.3"
"2024-12-08 15:53:02","99801.8","100360","99427.3"
"2024-12-08 15:54:02","99801.7","100360","99427.3"
"2024-12-08 15:55:02","99801.7","100360","99427.3"
"2024-12-08 15:56:02","99801.8","100360","99427.3"
"2024-12-08 15:57:02","99760.1","100360","99427.3"
"2024-12-08 15:58:03","99759","100360","99427.3"
"2024-12-08 15:59:02","99759.1","100360","99427.3"
"2024-12-08 16:00:02","99759.1","100360","99427.3"
"2024-12-08 16:01:03","99742.7","100360","99427.3"
"2024-12-08 16:02:02","99742.6","100360","99427.3"
"2024-12-08 16:03:02","99742.7","100360","99427.3"
"2024-12-08 16:04:02","99700.1","100360","99427.3"
"2024-12-08 16:05:02","99631.2","100360","99427.3"
"2024-12-08 16:06:02","99625.1","100360","99427.3"
"2024-12-08 16:07:02","99625","100360","99427.3"
"2024-12-08 16:08:02","99607","100360","99427.3"
"2024-12-08 16:09:02","99556.9","100360","99427.3"
"2024-12-08 16:10:02","99520.5","100360","99427.3"
"2024-12-08 16:11:02","99520.5","100360","99427.3"
"2024-12-08 16:12:02","99555.8","100360","99427.3"
"2024-12-08 16:13:02","99554.7","100360","99427.3"
"2024-12-08 16:14:03","99499.9","100360","99427.3"
"2024-12-08 16:15:02","99499.9","100360","99427.3"
"2024-12-08 16:16:02","99465.7","100360","99427.3"
"2024-12-08 16:17:02","99450","100360","99427.3"
"2024-12-08 16:18:03","99385.2","100360","99319.8"
"2024-12-08 16:19:02","99414","100360","99319.8"
"2024-12-08 16:20:02","99418.4","100360","99319.8"
"2024-12-08 16:21:02","99418.4","100360","99319.8"
"2024-12-08 16:22:03","99418.1","100360","99319.8"
"2024-12-08 16:23:02","99413.9","100360","99319.8"
"2024-12-08 16:24:02","99418.1","100360","99319.8"
"2024-12-08 16:25:03","99450","100360","99319.8"
"2024-12-08 16:26:02","99450","100360","99319.8"
"2024-12-08 16:27:02","99449.9","100360","99319.8"
"2024-12-08 16:28:02","99449.9","100360","99319.8"
"2024-12-08 16:29:03","99450","100360","99319.8"
"2024-12-08 16:30:02","99449.9","100360","99319.8"
"2024-12-08 16:31:02","99450","100360","99319.8"
"2024-12-08 16:32:02","99449.9","100360","99319.8"
"2024-12-08 16:33:03","99450","100360","99319.8"
"2024-12-08 16:34:02","99449.9","100360","99319.8"
"2024-12-08 16:35:02","99449.9","100360","99319.8"
"2024-12-08 16:36:02","99401.1","100360","99319.8"
"2024-12-08 16:37:03","99371.7","100360","99319.8"
"2024-12-08 16:38:02","99351.9","100360","99319.8"
"2024-12-08 16:39:02","99372.2","100360","99319.8"
"2024-12-08 16:40:03","99300","100360","99300"
"2024-12-08 16:41:02","99300","100360","99300"
"2024-12-08 16:42:02","99300","100360","99300"
"2024-12-08 16:43:02","99286.6","100360","99286.6"
"2024-12-08 16:44:03","99286.7","100360","99286.6"
"2024-12-08 16:45:02","99291.2","100360","99286.6"
"2024-12-08 16:46:02","99294.1","100360","99286.6"
"2024-12-08 16:47:02","99294.1","100360","99286.6"
"2024-12-09 11:52:02","98759.8","101214","98759.8"
"2024-12-09 11:53:03","98757","101214","98750"
"2024-12-09 11:54:02","98760","101214","98750"
"2024-12-09 11:55:02","98800","101214","98550"
"2024-12-09 11:56:03","98954.9","101214","98550"
"2024-12-09 16:22:02","99632.1","101214","98346.6"
"2024-12-09 16:23:03","99632","101214","98346.6"
"2024-12-09 16:24:03","99632","101214","98346.6"
"2024-12-09 16:25:03","99666.9","101214","98346.6"
"2024-12-09 16:26:02","99666.9","101214","98346.6"
"2024-12-09 16:27:02","99574","101214","98346.6"
"2024-12-09 16:28:02","99408","101214","98346.6"
"2024-12-09 16:29:02","99408","101214","98346.6"
"2024-12-09 16:30:02","99400.7","101214","98346.6"
"2024-12-09 16:31:02","99350.1","101214","98346.6"
"2024-12-09 16:32:03","99342.6","101214","98346.6"
"2024-12-09 16:33:02","99325.9","101214","98346.6"
"2024-12-09 16:34:02","99256.7","101214","98346.6"
"2024-12-09 16:35:02","99153.3","101214","98346.6"
"2024-12-09 16:36:02","99227.3","101214","98346.6"
"2024-12-09 16:37:02","99129.7","101214","98346.6"
"2024-12-09 16:38:02","99082","101214","98346.6"
"2024-12-09 16:39:02","99022.4","101214","98346.6"
"2024-12-09 16:40:02","99231","101214","98346.6"
"2024-12-09 16:41:02","99400","101214","98346.6"
"2024-12-09 16:42:02","99534.7","101214","98346.6"
"2024-12-09 16:43:02","99534.8","101214","98346.6"
"2024-12-09 16:44:02","99450.8","101214","98346.6"
"2024-12-09 16:45:02","99452.1","101214","98346.6"
"2024-12-09 16:46:02","99452.2","101214","98346.6"
"2024-12-09 16:47:02","99150","101214","98346.6"
"2024-12-09 16:48:02","99054","101214","98346.6"
"2024-12-09 16:49:04","98970.8","101214","98346.6"
"2024-12-10 12:28:39","96550","98160.7","95688.2"
"2024-12-10 12:29:07","96550","98160.7","95688.2"
"2024-12-10 12:30:02","96521.4","98160.7","95688.2"
"2024-12-10 12:31:02","96471.4","98160.7","95688.2"
"2024-12-10 12:32:02","96593.1","98160.7","95688.2"
"2024-12-10 12:33:02","96593.2","98160.7","95688.2"
"2024-12-10 12:34:02","96624.1","98160.7","95688.2"
"2024-12-10 12:35:03","96630.5","98160.7","95688.2"
"2024-12-10 12:36:02","96660.1","98160.7","95688.2"
"2024-12-10 12:37:02","96720.8","98160.7","95688.2"
"2024-12-10 12:38:02","96821.9","98160.7","95688.2"
"2024-12-10 12:39:02","96837","98160.7","95688.2"
"2024-12-10 12:40:02","96859","98160.7","95688.2"
"2024-12-10 12:41:02","96871.8","98160.7","95688.2"
"2024-12-10 12:42:02","96953.2","98160.7","95688.2"
"2024-12-10 12:43:02","97058","98160.7","95688.2"
"2024-12-10 12:44:02","97070.4","98160.7","95688.2"
"2024-12-10 12:45:02","97092.8","98160.7","95688.2"
"2024-12-10 12:46:03","97070","98160.7","95688.2"
"2024-12-10 12:47:02","96774.7","98160.7","95688.2"
"2024-12-10 12:48:02","96812.4","98160.7","95688.2"
"2024-12-10 12:49:02","96822.2","98160.7","95688.2"
"2024-12-10 12:50:02","96824.6","98160.7","95688.2"
"2024-12-10 12:51:02","96806","98160.7","95688.2"
"2024-12-10 12:52:02","96756.6","98160.7","95688.2"
"2024-12-10 12:53:02","97019","98160.7","95688.2"
"2024-12-10 12:54:02","97019.2","98160.7","95688.2"
"2024-12-10 12:55:02","96959.4","98160.7","95688.2"
"2024-12-10 12:56:02","96993.1","98160.7","95688.2"
"2024-12-10 12:57:02","97019.1","98160.7","95688.2"
"2024-12-10 12:58:02","97070.1","98160.7","95688.2"
"2024-12-10 12:59:02","97070","98160.7","95688.2"
"2024-12-10 13:00:02","97081.1","98160.7","95688.2"
"2024-12-10 13:01:02","97081.1","98160.7","95688.2"
"2024-12-10 13:02:02","96800","98160.7","95688.2"
"2024-12-10 13:03:02","96742","98160.7","95688.2"
"2024-12-10 13:04:02","96858","98160.7","95688.2"
"2024-12-10 13:05:02","96868.1","98160.7","95688.2"
"2024-12-10 13:06:02","96859.5","98160.7","95688.2"
"2024-12-10 13:07:01","96899.1","98160.7","95688.2"
"2024-12-10 13:08:02","96860.8","98160.7","95688.2"
"2024-12-10 13:09:02","96867.4","98160.7","95688.2"
"2024-12-10 13:10:02","96887.8","98160.7","95688.2"
"2024-12-10 13:11:02","96900","98160.7","95688.2"
"2024-12-10 13:12:02","96730.4","98160.7","95688.2"
"2024-12-10 13:13:02","96822.1","98160.7","95688.2"
"2024-12-10 13:14:02","96883.9","98160.7","95688.2"
"2024-12-10 13:15:02","96870.1","98160.7","95688.2"
"2024-12-10 13:16:02","96870.1","98160.7","95688.2"
"2024-12-10 13:17:02","96762.4","98160.7","95688.2"
"2024-12-10 13:18:02","96762.1","98160.7","95688.2"
"2024-12-10 13:19:02","96688.1","98160.7","95688.2"
"2024-12-10 13:20:02","96688.3","98160.7","95688.2"
"2024-12-10 13:21:02","96688.3","98160.7","95688.2"
"2024-12-10 13:22:01","96688.2","98160.7","95688.2"
"2024-12-10 13:23:02","96688.3","98160.7","95688.2"
"2024-12-10 13:24:02","96688.3","98160.7","95688.2"
"2024-12-10 13:25:02","96688.3","98160.7","95688.2"
"2024-12-10 13:26:02","96688.2","98160.7","95688.2"
"2024-12-10 13:27:02","96630.5","98160.7","95688.2"
"2024-12-10 13:28:02","96630.5","98160.7","95688.2"
"2024-12-10 13:29:02","96630.5","98160.7","95688.2"
"2024-12-10 13:30:02","96637.1","98160.7","95688.2"
"2024-12-10 13:31:03","96682.9","98160.7","95688.2"
"2024-12-10 13:32:02","96768.4","98160.7","95688.2"
"2024-12-10 13:33:02","96809.1","98160.7","95688.2"
"2024-12-10 13:34:02","96791.1","98160.7","95688.2"
"2024-12-10 13:35:02","96794.8","98160.7","95688.2"
"2024-12-10 13:36:02","96870","98160.7","95688.2"
"2024-12-10 13:37:02","96808.3","98160.7","95688.2"
"2024-12-10 13:38:02","96876.1","98160.7","95688.2"
"2024-12-10 13:39:02","96939.1","98160.7","95688.2"
"2024-12-10 13:40:02","96732.1","98160.7","95688.2"
"2024-12-10 13:41:02","96768","98160.7","95688.2"
"2024-12-10 13:42:02","96768","98160.7","95688.2"
"2024-12-10 13:43:02","96756.1","98160.7","95688.2"
"2024-12-10 13:44:02","96804.4","98160.7","95688.2"
"2024-12-10 13:45:02","96929","98160.7","95688.2"
"2024-12-10 13:46:02","96929.1","98160.7","95688.2"
"2024-12-10 13:47:02","96984.1","98160.7","95688.2"
"2024-12-10 13:48:02","96953.3","98160.7","95688.2"
"2024-12-10 13:49:03","96957.1","98160.7","95688.2"
"2024-12-10 13:50:02","96993.3","98160.7","95688.2"
"2024-12-10 13:51:02","97000","98160.7","95688.2"
"2024-12-10 13:52:02","96999.9","98160.7","95688.2"
"2024-12-10 13:53:02","96976.1","98160.7","95688.2"
"2024-12-11 13:35:17","97370.9","97645.7","95754"
"2024-12-11 13:36:02","97395","97645.7","95754"
"2024-12-11 13:37:02","97395.1","97645.7","95754"
"2024-12-11 13:38:02","97359.2","97645.7","95754"
"2024-12-11 13:39:02","97386","97645.7","95754"
"2024-12-11 13:40:02","97395.1","97645.7","95754"
"2024-12-11 13:51:02","97478.9","97645.7","95754"
"2024-12-11 13:52:02","97490.2","97645.7","95754"
"2024-12-11 13:53:02","97505.7","97645.7","95754"
"2024-12-11 13:54:02","97466.6","97645.7","95754"
"2024-12-11 13:55:02","97463.2","97645.7","95754"
"2024-12-11 13:56:02","97490.3","97645.7","95754"
"2024-12-11 13:57:02","97569","97645.7","95754"
"2024-12-11 13:58:02","97538.8","97645.7","95754"
"2024-12-11 13:59:02","97538.8","97645.7","95754"
"2024-12-11 14:00:04","97538.8","97645.7","95754"
"2024-12-11 14:01:03","97538.8","97645.7","95754"
"2024-12-11 14:02:02","97529","97645.7","95754"
"2024-12-11 14:03:02","97466.5","97645.7","95754"
"2024-12-11 14:04:02","97490.1","97645.7","95754"
"2024-12-11 14:05:02","97490.1","97645.7","95754"
"2024-12-11 14:06:02","97550","97645.7","95754"
"2024-12-11 14:07:02","97558.3","97645.7","95754"
"2024-12-11 14:08:02","97571.7","97645.7","95754"
"2024-12-11 14:09:02","97634.3","97645.7","95754"
"2024-12-11 14:10:02","97634.2","97645.7","95754"
"2024-12-11 14:11:03","97635","97645.7","95754"
"2024-12-11 14:12:02","97634.9","97645.7","95754"
"2024-12-11 14:13:02","97635","97645.7","95754"
"2024-12-11 14:14:02","97691","97691","95754"
"2024-12-11 14:15:02","97691","97691","95754"
"2024-12-11 14:16:02","97694.2","97694.2","95754"
"2024-12-11 14:17:02","97694.3","97694.3","95754"
"2024-12-11 14:18:02","97631.9","97694.3","95754"
"2024-12-11 14:19:02","97623.5","97694.3","95754"
"2024-12-11 14:20:02","97618.8","97694.3","95754"
"2024-12-11 14:21:02","97646","97694.3","95754"
"2024-12-11 14:22:02","97612.4","97694.3","95754"
"2024-12-11 14:23:02","97646.1","97694.3","95754"
"2024-12-11 14:24:02","97693.5","97694.3","95754"
"2024-12-11 14:25:03","97693.5","97694.3","95754"
"2024-12-11 14:26:02","97612.1","97694.3","95754"
"2024-12-11 14:27:02","97616.7","97694.3","95754"
"2024-12-11 14:28:02","97644","97694.3","95754"
"2024-12-11 14:29:02","97680.9","97694.3","95754"
"2024-12-11 14:30:03","97681","97694.3","95754"
"2024-12-11 14:31:02","97698.2","97698.2","95754"
"2024-12-11 14:32:03","97700","97700","95754"
"2024-12-11 14:33:02","97694.9","97700","95754"
"2024-12-11 14:34:02","97698","97700","95754"
"2024-12-11 14:35:02","97698","97700","95754"
"2024-12-11 14:36:02","97663.1","97700","95754"
"2024-12-11 14:37:02","97663","97700","95754"
"2024-12-11 14:38:02","97706.6","97706.6","95754"
"2024-12-11 14:39:02","97708","97708","95754"
"2024-12-11 14:40:02","97708","97708","95754"
"2024-12-11 14:41:02","97708","97708","95754"
"2024-12-11 14:42:02","97707.9","97708","95754"
"2024-12-11 14:43:02","97682.8","97708","95754"
"2024-12-11 14:44:03","97686.5","97708","95754"
"2024-12-11 14:45:02","97686.6","97708","95754"
"2024-12-11 14:46:02","97686.5","97708","95754"
"2024-12-11 14:47:02","97677","97708","95754"
"2024-12-11 14:48:02","97667","97708","95754"
"2024-12-11 14:49:02","97667","97708","95754"
"2024-12-11 14:50:03","97667.1","97708","95754"
"2024-12-11 14:51:02","97667","97708","95754"
"2024-12-11 14:52:02","97667.1","97708","95754"
"2024-12-11 14:53:02","97686.1","97708","95754"
"2024-12-11 14:54:02","97712.3","97712.3","95754"
"2024-12-11 14:55:02","97712.4","97712.4","95754"
"2024-12-11 14:56:02","97712.4","97712.4","95754"
"2024-12-11 14:57:02","97713.8","97713.8","95754"
"2024-12-11 14:58:02","97702.6","97713.8","95754"
"2024-12-11 14:59:03","97707.3","97713.8","95754"
"2024-12-11 15:00:02","97707.3","97713.8","95754"
"2024-12-11 15:01:02","97707.3","97713.8","95754"
"2024-12-11 15:02:02","97707.3","97713.8","95754"
"2024-12-11 15:03:02","97707.3","97713.8","95754"
"2024-12-11 15:04:02","97717.9","97717.9","95754"
"2024-12-11 15:05:03","97724","97724.1","95754"
"2024-12-11 15:06:02","97724.1","97724.1","95754"
"2024-12-11 15:07:02","97724","97724.1","95754"
"2024-12-11 15:08:02","97774","97774.2","95754"
"2024-12-11 15:09:03","97774.3","97774.3","95754"
"2024-12-11 15:10:03","97757.5","97774.3","95754"
"2024-12-11 15:11:02","97635.1","97774.3","95754"
"2024-12-11 15:12:02","97550.1","97774.3","95754"
"2024-12-11 15:13:02","97569.1","97774.3","95754"
"2024-12-11 15:14:03","97569.1","97774.3","95754"
"2024-12-11 15:15:02","97569.1","97774.3","95754"
"2024-12-11 15:16:02","97569","97774.3","95754"
"2024-12-11 15:17:02","97569","97774.3","95754"
"2024-12-11 15:18:02","97569","97774.3","95754"
"2024-12-11 15:19:02","97540.1","97774.3","95754"
"2024-12-11 15:20:02","97550.8","97774.3","95754"
"2024-12-11 15:21:02","97569","97774.3","95754"
"2024-12-11 15:22:02","97569.1","97774.3","95754"
"2024-12-11 15:23:02","97600","97774.3","95754"
"2024-12-11 15:24:02","97599.9","97774.3","95754"
"2024-12-11 15:25:02","97600","97774.3","95754"
"2024-12-11 15:26:02","97587","97774.3","95754"
"2024-12-11 15:27:03","97587","97774.3","95754"
"2024-12-11 15:28:02","97599.9","97774.3","95754"
"2024-12-11 15:29:02","97600","97774.3","95754"
"2024-12-11 15:30:02","97599.9","97774.3","95754"
"2024-12-11 15:31:02","97600","97774.3","95754"
"2024-12-11 15:32:02","97599.9","97774.3","95754"
"2024-12-11 15:33:03","97642.1","97774.3","95754"
"2024-12-11 15:34:02","97649.9","97774.3","95754"
"2024-12-11 15:35:02","97649.9","97774.3","95754"
"2024-12-11 15:36:02","97649.9","97774.3","95754"
"2024-12-11 15:37:02","97479.2","97774.3","95754"
"2024-12-11 15:39:02","97533","97774.3","95754"
"2024-12-11 15:40:02","97541.9","97774.3","95754"
"2024-12-11 15:41:02","97537","97774.3","95754"
"2024-12-11 15:42:02","97475.1","97774.3","95754"
"2024-12-11 15:43:02","97425","97774.3","95754"
"2024-12-11 15:44:01","97399.9","97774.3","95754"
"2024-12-11 18:02:02","98000","98442","95754"
"2024-12-11 18:03:02","98000","98442","95754"
"2024-12-11 18:04:02","97999.9","98442","95754"
"2024-12-11 18:05:02","98000","98442","95754"
"2024-12-11 18:06:02","97964.9","98442","95754"
"2024-12-11 18:07:02","98027","98442","95754"
"2024-12-11 18:08:02","98079.6","98442","95754"
"2024-12-11 18:09:02","98042.1","98442","95754"
"2024-12-11 18:10:02","98082.1","98442","95754"
"2024-12-11 18:11:02","98066","98442","95754"
"2024-12-11 18:12:02","98066.1","98442","95754"
"2024-12-11 18:13:02","98053.7","98442","95754"
"2024-12-11 18:14:02","98053.8","98442","95754"
"2024-12-11 18:15:02","98053.8","98442","95754"
"2024-12-11 18:16:02","97914.1","98442","95754"
"2024-12-11 18:17:02","97914.2","98442","95754"
"2024-12-11 18:18:02","98056.1","98442","95754"
"2024-12-11 18:19:02","98056.1","98442","95754"
"2024-12-11 18:20:02","98007.2","98442","95754"
"2024-12-11 18:21:02","98031.3","98442","95754"
"2024-12-11 18:22:02","97998","98442","95754"
"2024-12-11 18:23:02","98019.5","98442","95754"
"2024-12-11 18:24:02","98019.6","98442","95754"
"2024-12-11 18:25:02","98019.5","98442","95754"
"2024-12-11 18:26:02","98019.6","98442","95754"
"2024-12-11 18:27:02","98019.6","98442","95754"
"2024-12-11 18:28:02","98019.6","98442","95754"
"2024-12-11 18:29:02","98019","98442","95754"
"2024-12-11 18:30:02","98019.1","98442","95754"
"2024-12-11 18:31:02","98019.1","98442","95754"
"2024-12-11 18:32:02","98000.1","98442","95754"
"2024-12-11 18:33:02","98000","98442","95754"
"2024-12-11 18:34:02","98000","98442","95754"
"2024-12-11 18:35:02","98000","98442","95754"
"2024-12-11 18:36:02","98000","98442","95754"
"2024-12-11 18:37:02","97980.1","98442","95754"
"2024-12-11 18:38:02","97991.9","98442","95754"
"2024-12-11 18:39:02","97991.9","98442","95754"
"2024-12-11 18:40:02","97961.8","98442","95754"
"2024-12-11 18:41:02","97971.9","98442","95754"
"2024-12-11 18:42:02","97971.9","98442","95754"
"2024-12-11 18:43:02","98000","98442","95754"
"2024-12-11 18:44:02","97999.9","98442","95754"
"2024-12-11 18:45:02","98000","98442","95754"
"2024-12-11 18:46:02","97999.9","98442","95754"
"2024-12-11 18:47:02","97999.9","98442","95754"
"2024-12-11 18:48:02","98000","98442","95754"
"2024-12-11 18:49:02","97999.9","98442","95754"
"2024-12-11 18:50:02","98056.1","98442","95754"
"2024-12-11 18:51:02","98185.7","98442","95754"
"2024-12-11 18:52:02","98224","98442","95754"
"2024-12-11 18:53:02","98227.3","98442","95754"
"2024-12-11 18:54:02","98240.9","98442","95754"
"2024-12-11 18:55:02","98241.2","98442","95754"
"2024-12-12 13:10:02","100800","101818","100435"
"2024-12-12 13:11:02","100800","101818","100435"
"2024-12-12 13:12:02","100800","101818","100435"
"2024-12-12 13:13:02","100800","101818","100435"
"2024-12-12 13:14:02","100800","101818","100435"
"2024-12-12 13:15:02","100776","101818","100435"
"2024-12-12 13:16:02","100776","101818","100435"
"2024-12-12 13:17:03","100906","101818","100435"
"2024-12-12 13:18:03","100952","101818","100435"
"2024-12-12 13:19:02","100950","101818","100435"
"2024-12-12 13:20:02","100950","101818","100435"
"2024-12-12 13:21:02","100950","101818","100435"
"2024-12-12 13:22:02","100950","101818","100435"
"2024-12-12 15:36:02","100716","101818","100435"
"2024-12-12 15:37:03","100605","101818","100435"
"2024-12-12 15:38:02","100605","101818","100435"
"2024-12-12 15:39:02","100605","101818","100435"
"2024-12-12 15:40:03","100605","101818","100435"
"2024-12-12 15:41:03","100605","101818","100435"
"2024-12-12 15:42:03","100605","101818","100435"
"2024-12-12 15:43:02","100605","101818","100435"
"2024-12-12 15:44:02","100605","101818","100435"
"2024-12-12 15:45:02","100605","101818","100435"
"2024-12-12 15:46:02","100605","101818","100435"
"2024-12-12 15:47:02","100605","101818","100435"
"2024-12-12 15:48:02","100605","101818","100435"
"2024-12-12 15:49:02","100542","101818","100435"
"2024-12-12 15:51:02","100537","101818","100435"
"2024-12-12 15:52:02","100537","101818","100435"
"2024-12-12 15:53:02","100537","101818","100435"
"2024-12-12 15:54:02","100511","101818","100435"
"2024-12-12 15:55:02","100511","101818","100435"
"2024-12-12 15:56:02","100511","101818","100435"
"2024-12-12 15:57:02","100511","101818","100435"
"2024-12-12 15:58:02","100511","101818","100435"
"2024-12-12 15:59:02","100511","101818","100435"
"2024-12-12 16:00:02","100511","101818","100435"
"2024-12-12 16:01:02","100511","101818","100435"
"2024-12-12 16:02:03","100521","101818","100435"
"2024-12-12 16:03:02","100521","101818","100435"
"2024-12-12 16:04:02","100521","101818","100435"
"2024-12-12 16:05:03","100521","101818","100435"
"2024-12-12 16:06:02","100524","101818","100435"
"2024-12-12 16:07:02","100524","101818","100435"
"2024-12-12 16:08:02","100537","101818","100435"
"2024-12-12 16:09:03","100580","101818","100435"
"2024-12-12 16:10:02","100595","101818","100435"
"2024-12-12 16:11:02","100600","101818","100435"
"2024-12-12 16:12:02","100691","101818","100435"
"2024-12-12 16:13:02","100716","101818","100435"
"2024-12-12 16:14:03","100691","101818","100435"
"2024-12-12 16:15:02","100643","101818","100435"
"2024-12-12 16:16:02","100643","101818","100435"
"2024-12-12 16:17:02","100643","101818","100435"
"2024-12-12 16:18:02","100644","101818","100435"
"2024-12-12 16:19:02","100643","101818","100435"
"2024-12-12 16:20:02","100644","101818","100435"
"2024-12-12 16:21:02","100643","101818","100435"
"2024-12-12 16:22:02","100691","101818","100435"
"2024-12-12 16:23:02","100704","101818","100435"
"2024-12-12 16:24:02","100747","101818","100435"
"2024-12-12 16:25:02","100747","101818","100435"
"2024-12-12 16:26:02","100747","101818","100435"
"2024-12-12 16:27:02","100854","101818","100435"
"2024-12-12 16:28:02","100854","101818","100435"
"2024-12-12 16:29:02","100854","101818","100435"
"2024-12-12 16:30:02","100854","101818","100435"
"2024-12-12 16:31:02","100831","101818","100435"
"2024-12-12 16:32:02","100838","101818","100435"
"2024-12-12 16:33:03","100873","101818","100435"
"2024-12-12 19:13:28","100358","101818","100351"
"2024-12-12 19:14:02","100270","101818","100270"
"2024-12-12 19:15:02","100266","101818","100266"
"2024-12-12 19:16:03","100266","101818","100266"
"2024-12-12 19:17:02","100266","101818","100266"
"2024-12-12 19:18:02","100266","101818","100266"
"2024-12-12 19:19:02","100346","101818","100266"
"2024-12-12 19:20:02","100254","101818","100254"
"2024-12-12 19:21:02","100254","101818","100254"
"2024-12-12 19:22:02","100250","101818","100250"
"2024-12-12 19:23:02","100250","101818","100250"
"2024-12-12 19:24:02","100250","101818","100247"
"2024-12-12 19:25:02","100417","101818","100247"
"2024-12-12 19:26:02","100338","101818","100247"
"2024-12-12 19:27:02","100400","101818","100247"
"2024-12-12 19:28:01","100403","101818","100247"
"2024-12-12 19:29:02","100411","101818","100247"
"2024-12-12 19:30:01","100441","101818","100247"
"2024-12-12 19:31:02","100460","101818","100247"
"2024-12-12 19:32:02","100424","101818","100247"
"2024-12-12 19:33:02","100421","101818","100247"
"2024-12-12 19:34:02","100360","101818","100247"
"2024-12-12 19:35:02","100350","101818","100247"
"2024-12-12 19:36:02","100370","101818","100247"
"2024-12-12 19:37:02","100300","101818","100247"
"2024-12-12 19:38:02","100326","101818","100247"
"2024-12-12 19:39:02","100326","101818","100247"
"2024-12-12 19:40:02","100326","101818","100247"
"2024-12-12 19:41:02","100326","101818","100247"
"2024-12-12 19:42:02","100326","101818","100247"
"2024-12-12 19:43:01","100326","101818","100247"
"2024-12-12 19:44:02","100326","101818","100247"
"2024-12-12 19:45:02","100291","101818","100247"
"2024-12-12 19:46:02","100294","101818","100247"
"2024-12-12 19:47:02","100294","101818","100247"
"2024-12-12 19:48:02","100299","101818","100247"
"2024-12-12 19:49:02","100299","101818","100247"
"2024-12-12 19:50:02","100324","101818","100247"
"2024-12-12 19:51:02","100326","101818","100247"
"2024-12-12 19:52:02","100330","101818","100247"
"2024-12-12 19:53:02","100330","101818","100247"
"2024-12-12 19:54:02","100330","101818","100247"
"2024-12-12 19:55:02","100360","101818","100247"
"2024-12-12 19:56:02","100292","101818","100247"
"2024-12-12 19:57:02","100292","101818","100247"
"2024-12-12 19:58:02","100280","101818","100247"
"2024-12-12 19:59:02","100260","101818","100247"
"2024-12-12 20:00:02","100351","101818","100247"
"2024-12-12 20:01:02","100437","101818","100247"
"2024-12-12 20:02:02","100434","101818","100247"
"2024-12-12 20:03:02","100460","101818","100247"
"2024-12-12 20:04:02","100472","101818","100247"
"2024-12-12 20:05:02","100534","101818","100247"
"2024-12-12 20:06:02","100504","101818","100247"
"2024-12-12 20:07:02","100486","101818","100247"
"2024-12-12 20:08:02","100487","101818","100247"
"2024-12-12 20:09:02","100506","101818","100247"
"2024-12-12 20:10:02","100522","101818","100247"
"2024-12-12 20:11:02","100590","101818","100247"
"2024-12-12 20:12:02","100590","101818","100247"
"2024-12-12 20:13:02","100590","101818","100247"
"2024-12-12 20:14:02","100607","101818","100247"
"2024-12-12 20:15:02","100568","101818","100247"
"2024-12-12 20:16:02","100575","101818","100247"
"2024-12-12 20:17:02","100567","101818","100247"
"2024-12-12 20:18:02","100567","101818","100247"
"2024-12-14 16:08:03","101780","102637","101222"
"2024-12-14 16:09:02","101780","102637","101222"
"2024-12-14 16:10:02","101780","102637","101222"
"2024-12-14 16:11:02","101780","102637","101222"
"2024-12-14 16:12:03","101780","102637","101222"
"2024-12-14 16:13:02","101733","102637","101222"
"2024-12-14 16:14:02","101690","102637","101222"
"2024-12-14 16:15:03","101691","102637","101222"
"2024-12-14 16:16:02","101691","102637","101222"
"2024-12-14 16:17:02","101691","102637","101222"
"2024-12-14 16:18:02","101691","102637","101222"
"2024-12-14 16:19:03","101691","102637","101222"
"2024-12-14 16:20:02","101691","102637","101222"
"2024-12-14 16:21:02","101691","102637","101222"
"2024-12-14 16:22:02","101691","102637","101222"
"2024-12-14 16:23:02","101694","102637","101222"
"2024-12-15 15:02:59","101758","102750","101222"
"2024-12-15 15:03:02","101758","102750","101222"
"2024-12-15 15:04:02","101758","102750","101222"
"2024-12-15 15:05:03","101758","102750","101222"
"2024-12-15 15:06:03","101758","102750","101222"
"2024-12-15 15:07:03","101800","102750","101222"
"2024-12-15 15:49:41","101558","102750","101222"
"2024-12-15 15:50:02","101558","102750","101222"
"2024-12-15 15:51:02","101558","102750","101222"
"2024-12-15 15:52:02","101638","102750","101222"
"2024-12-15 15:53:02","101671","102750","101222"
"2024-12-16 17:59:03","104749","106487","104300"
"2024-12-16 18:00:02","104669","106487","104300"
"2024-12-16 18:01:02","104626","106487","104300"
"2024-12-16 18:02:02","104602","106487","104300"
"2024-12-16 18:03:02","104598","106487","104300"
"2024-12-16 18:04:02","104670","106487","104300"
"2024-12-16 18:05:02","104626","106487","104300"
"2024-12-16 18:06:02","104619","106487","104300"
"2024-12-16 18:07:02","104577","106487","104300"
"2024-12-16 18:08:02","104577","106487","104300"
"2024-12-16 18:09:02","104577","106487","104300"
"2024-12-16 18:10:02","104577","106487","104300"
"2024-12-16 18:11:02","104577","106487","104300"
"2024-12-16 18:12:02","104577","106487","104300"
"2024-12-16 18:13:02","104554","106487","104300"
"2024-12-16 18:14:02","104554","106487","104300"
"2024-12-16 18:15:02","104454","106487","104300"
"2024-12-16 18:16:02","104454","106487","104300"
"2024-12-17 12:26:02","106527","106931","105697"
"2024-12-17 12:27:02","106552","106931","105697"
"2024-12-17 12:28:02","106527","106931","105697"
"2024-12-17 12:29:02","106506","106931","105697"
"2024-12-17 12:30:02","106506","106931","105697"
"2024-12-17 12:31:02","106506","106931","105697"
"2024-12-17 12:32:02","106505","106931","105697"
"2024-12-17 12:33:02","106505","106931","105697"
"2024-12-17 12:34:02","106505","106931","105697"
"2024-12-17 12:35:02","106506","106931","105697"
"2024-12-17 12:36:02","106500","106931","105697"
"2024-12-17 12:37:01","106500","106931","105697"
"2024-12-17 12:38:02","106475","106931","105697"
"2024-12-17 12:39:01","106422","106931","105697"
"2024-12-17 12:40:02","106429","106931","105697"
"2024-12-17 12:41:01","106450","106931","105697"
"2024-12-17 12:42:02","106462","106931","105697"
"2024-12-17 12:43:03","106453","106931","105697"
"2024-12-17 12:44:02","106450","106931","105697"
"2024-12-17 12:45:02","106453","106931","105697"
"2024-12-17 12:46:02","106509","106931","105697"
"2024-12-17 12:47:02","106538","106931","105697"
"2024-12-17 12:48:02","106474","106931","105697"
"2024-12-17 12:49:02","106480","106931","105697"
"2024-12-17 12:50:02","106520","106931","105697"
"2024-12-17 12:51:02","106520","106931","105697"
"2024-12-17 12:52:02","106520","106931","105697"
"2024-12-17 12:53:02","106528","106931","105697"
"2024-12-17 12:54:02","106498","106931","105697"
"2024-12-17 12:55:02","106550","106931","105697"
"2024-12-17 12:56:02","106531","106931","105697"
"2024-12-17 12:57:02","106534","106931","105697"
"2024-12-17 12:58:02","106534","106931","105697"
"2024-12-17 12:59:02","106534","106931","105697"
"2024-12-17 13:00:02","106505","106931","105697"
"2024-12-17 13:01:02","106498","106931","105697"
"2024-12-17 13:02:02","106535","106931","105697"
"2024-12-17 13:03:02","106544","106931","105697"
"2024-12-17 13:04:02","106591","106931","105697"
"2024-12-17 13:05:02","106665","106931","105697"
"2024-12-17 13:06:02","106665","106931","105697"
"2024-12-17 13:07:02","106665","106931","105697"
"2024-12-17 13:08:02","106623","106931","105697"
"2024-12-17 13:09:02","106623","106931","105697"
"2024-12-17 13:10:02","106623","106931","105697"
"2024-12-17 13:11:02","106623","106931","105697"
"2024-12-17 13:12:02","106623","106931","105697"
"2024-12-17 13:13:02","106623","106931","105697"
"2024-12-17 13:14:02","106623","106931","105697"
"2024-12-17 13:15:02","106570","106931","105697"
"2024-12-17 13:16:02","106536","106931","105697"
"2024-12-17 13:17:02","106536","106931","105697"
"2024-12-17 13:18:02","106520","106931","105697"
"2024-12-17 13:19:02","106520","106931","105697"
"2024-12-17 13:20:02","106520","106931","105697"
"2024-12-17 13:21:02","106512","106931","105697"
"2024-12-17 13:22:02","106541","106931","105697"
"2024-12-17 13:23:02","106557","106931","105697"
"2024-12-17 13:24:02","106564","106931","105697"
"2024-12-17 13:25:02","106570","106931","105697"
"2024-12-17 13:26:02","106647","106931","105697"
"2024-12-17 13:27:02","106620","106931","105697"
"2024-12-17 13:28:02","106620","106931","105697"
"2024-12-17 13:29:02","106620","106931","105697"
"2024-12-17 13:30:02","106600","106931","105697"
"2024-12-17 13:31:02","106647","106931","105697"
"2024-12-17 13:32:02","106713","106931","105697"
"2024-12-17 13:33:03","106713","106931","105697"
"2024-12-17 13:34:02","106650","106931","105697"
"2024-12-17 13:35:02","106630","106931","105697"
"2024-12-17 13:36:02","106628","106931","105697"
"2024-12-17 13:37:02","106630","106931","105697"
"2024-12-17 13:38:02","106610","106931","105697"
"2024-12-17 13:39:02","106610","106931","105697"
"2024-12-17 13:40:02","106610","106931","105697"
"2024-12-17 13:41:02","106600","106931","105697"
"2024-12-17 13:42:02","106600","106931","105697"
"2024-12-17 13:43:02","106610","106931","105697"
"2024-12-17 13:44:02","106610","106931","105697"
"2024-12-17 13:45:02","106610","106931","105697"
"2024-12-17 13:46:02","106610","106931","105697"
"2024-12-17 13:47:02","106610","106931","105697"
"2024-12-17 13:48:02","106610","106931","105697"
"2024-12-17 13:49:02","106610","106931","105697"
"2024-12-17 13:50:02","106670","106931","105697"
"2024-12-17 13:51:02","106675","106931","105697"
"2024-12-17 13:52:02","106675","106931","105697"
"2024-12-17 13:53:02","106675","106931","105697"
"2024-12-17 13:54:02","106714","106931","105697"
"2024-12-17 13:55:02","106730","106931","105697"
"2024-12-17 13:56:02","106751","106931","105697"
"2024-12-18 10:16:13","105316","106489","104888"
"2024-12-18 10:17:02","105378","106489","104888"
"2024-12-18 10:18:02","105378","106489","104888"
"2024-12-18 10:19:02","105310","106489","104888"
"2024-12-18 10:20:02","105450","106489","104888"
"2024-12-18 10:21:02","105408","106489","104888"
"2024-12-18 10:22:02","105434","106489","104888"
"2024-12-18 10:23:02","105439","106489","104888"
"2024-12-18 10:24:02","105450","106489","104888"
"2024-12-18 10:25:02","105450","106489","104888"
"2024-12-18 10:26:02","105450","106489","104888"
"2024-12-18 10:27:02","105464","106489","104888"
"2024-12-18 10:28:02","105540","106489","104888"
"2024-12-18 10:29:02","105591","106489","104888"
"2024-12-18 10:30:02","105591","106489","104888"
"2024-12-18 10:31:02","105480","106489","104888"
"2024-12-18 10:32:02","105600","106489","104888"
"2024-12-18 10:33:02","105614","106489","104888"
"2024-12-18 10:34:02","105610","106489","104888"
"2024-12-18 10:35:02","105625","106489","104888"
"2024-12-18 10:36:03","105625","106489","104888"
"2024-12-18 10:37:02","105625","106489","104888"
"2024-12-18 10:38:01","105580","106489","104888"
"2024-12-18 10:39:02","105590","106489","104888"
"2024-12-18 10:40:02","105623","106489","104888"
"2024-12-18 10:41:02","105580","106489","104888"
"2024-12-18 10:42:02","105462","106489","104888"
"2024-12-18 10:43:02","105450","106489","104888"
"2024-12-18 10:44:02","105466","106489","104888"
"2024-12-18 10:45:02","105466","106489","104888"
"2024-12-18 10:46:02","105518","106489","104888"
"2024-12-18 10:47:01","105401","106489","104888"
"2024-12-18 10:48:02","105429","106489","104888"
"2024-12-18 10:49:02","105356","106489","104888"
"2024-12-18 10:50:02","105367","106489","104888"
"2024-12-18 10:51:02","105367","106489","104888"
"2024-12-18 10:52:02","105367","106489","104888"
"2024-12-18 10:53:02","105402","106489","104888"
"2024-12-18 10:54:02","105354","106489","104888"
"2024-12-18 10:55:03","105315","106489","104888"
"2024-12-18 10:56:02","105315","106489","104888"
"2024-12-18 10:57:02","105292","106489","104888"
"2024-12-18 10:58:03","105250","106489","104888"
"2024-12-18 10:59:02","105250","106489","104888"
"2024-12-18 11:00:02","105172","106489","104888"
"2024-12-18 11:01:02","105128","106489","104888"
"2024-12-18 11:02:02","105128","106489","104888"
"2024-12-18 11:03:02","105128","106489","104888"
"2024-12-18 11:04:03","105080","106489","104888"
"2024-12-18 11:05:02","105128","106489","104888"
"2024-12-18 11:06:02","104869","106489","104829"
"2024-12-18 11:07:02","104840","106489","104829"
"2024-12-18 11:08:02","104840","106489","104829"
"2024-12-18 11:09:02","105027","106489","104829"
"2024-12-18 11:10:02","105044","106489","104829"
"2024-12-18 11:11:02","104922","106489","104829"
"2024-12-18 11:12:03","104901","106489","104829"
"2024-12-18 11:13:02","104870","106489","104829"
"2024-12-18 11:14:02","104870","106489","104829"
"2024-12-18 11:15:02","104870","106489","104829"
"2024-12-18 11:16:02","104870","106489","104829"
"2024-12-18 11:17:03","104925","106489","104829"
"2024-12-18 11:18:02","104950","106489","104829"
"2024-12-18 11:19:02","104950","106489","104829"
"2024-12-18 11:20:03","104940","106489","104829"
"2024-12-18 11:21:02","105000","106489","104829"
"2024-12-18 11:22:02","104975","106489","104829"
"2024-12-18 11:23:02","104985","106489","104829"
"2024-12-18 11:24:03","104985","106489","104829"
"2024-12-18 11:25:02","104950","106489","104829"
"2024-12-18 11:26:02","104876","106489","104829"
"2024-12-18 11:27:02","104876","106489","104829"
"2024-12-18 11:28:03","104950","106489","104829"
"2024-12-18 11:29:02","104900","106489","104829"
"2024-12-18 11:30:02","104870","106489","104829"
"2024-12-18 11:31:03","104870","106489","104829"
"2024-12-18 11:32:02","104870","106489","104829"
"2024-12-18 11:33:02","104870","106489","104829"
"2024-12-18 11:34:03","104874","106489","104829"
"2024-12-18 11:35:02","104999","106489","104829"
"2024-12-18 11:36:02","105044","106489","104829"
"2024-12-18 11:37:02","105079","106489","104829"
"2024-12-18 11:38:02","105020","106489","104829"
"2024-12-18 11:39:02","105020","106489","104829"
"2024-12-18 11:40:02","104870","106489","104829"
"2024-12-18 11:41:02","104823","106489","104823"
"2024-12-18 11:42:03","104823","106489","104823"
"2024-12-18 11:43:02","104823","106489","104823"
"2024-12-18 11:44:02","104698","106489","104607"
"2024-12-18 11:45:02","104649","106489","104606"
"2024-12-18 11:46:02","104600","106489","104600"
"2024-12-18 11:47:02","104600","106489","104600"
"2024-12-18 11:48:02","104679","106489","104600"
"2024-12-18 11:49:02","104700","106489","104600"
"2024-12-18 11:50:02","104650","106489","104600"
"2024-12-18 11:51:03","104600","106489","104600"
"2024-12-18 11:52:03","104637","106489","104600"
"2024-12-18 11:53:02","104722","106489","104600"
"2024-12-18 11:54:02","104760","106489","104600"
"2024-12-18 11:55:02","104820","106489","104600"
"2024-12-18 11:56:02","104820","106489","104600"
"2024-12-18 11:57:02","104806","106489","104600"
"2024-12-18 11:58:03","104785","106489","104600"
"2024-12-18 11:59:02","104820","106489","104600"
"2024-12-18 12:00:02","104794","106489","104600"
"2024-12-18 12:01:02","104643","106489","104600"
"2024-12-18 12:02:02","104537","106489","104511"
"2024-12-18 12:03:02","104539","106489","104511"
"2024-12-18 12:04:02","104539","106489","104511"
"2024-12-18 15:33:02","104077","106489","103208"
"2024-12-18 15:34:02","104096","106489","103208"
"2024-12-18 15:35:02","104077","106489","103208"
"2024-12-18 15:36:02","104000","106489","103208"
"2024-12-18 15:37:02","104000","106489","103208"
"2024-12-18 15:38:02","104000","106489","103208"
"2024-12-19 09:12:02","100380","100914","100067"
"2024-12-19 09:13:02","100459","100914","100067"
"2024-12-19 09:14:03","100504","100914","100067"
"2024-12-19 09:15:02","100532","100914","100067"
"2024-12-19 09:16:02","100524","100914","100067"
"2024-12-19 09:17:03","100524","100914","100067"
"2024-12-19 09:18:02","100790","100914","100067"
"2024-12-19 09:19:02","100760","100914","100067"
"2024-12-19 09:20:02","100630","100914","100067"
"2024-12-19 09:21:05","100370","100914","100067"
"2024-12-19 09:22:02","100350","100914","100067"
"2024-12-19 09:23:03","100306","100914","100067"
"2024-12-19 09:24:02","100370","100914","100067"
"2024-12-19 09:25:02","100370","100914","100067"
"2024-12-19 09:26:02","100390","100914","100067"
"2024-12-19 09:27:03","100395","100914","100067"
"2024-12-19 09:28:02","100370","100914","100067"
"2024-12-19 09:29:02","100320","100914","100067"
"2024-12-19 09:30:02","100250","100914","100067"
"2024-12-19 09:44:02","100120","100914","100067"
"2024-12-19 09:45:02","100120","100914","100067"
"2024-12-19 09:46:02","100160","100914","100067"
"2024-12-19 09:47:02","100310","100914","100067"
"2024-12-19 09:48:02","100250","100914","100067"
"2024-12-19 09:49:02","100250","100914","100067"
"2024-12-19 09:50:02","100250","100914","100067"
"2024-12-19 09:51:02","100227","100914","100067"
"2024-12-19 10:40:02","99322.9","100914","98728.4"
"2024-12-19 10:41:02","99263","100914","98728.4"
"2024-12-19 10:42:02","99216.5","100914","98728.4"
"2024-12-19 10:43:02","99180.1","100914","98728.4"
"2024-12-19 10:44:02","99066","100914","98728.4"
"2024-12-19 10:45:02","99200.7","100914","98728.4"
"2024-12-19 10:46:02","99100.8","100914","98728.4"
"2024-12-19 10:47:02","99322.9","100914","98728.4"
"2024-12-19 10:48:02","99463","100914","98728.4"
"2024-12-19 10:49:02","99500","100914","98728.4"
"2024-12-19 10:50:02","99510.9","100914","98728.4"
"2024-12-19 10:51:02","99672.8","100914","98728.4"
"2024-12-19 10:52:02","99730.1","100914","98728.4"
"2024-12-19 10:53:02","99833.8","100914","98728.4"
"2024-12-19 10:54:02","99906.1","100914","98728.4"
"2024-12-19 10:55:02","99833.8","100914","98728.4"
"2024-12-19 10:56:03","100038","100914","98728.4"
"2024-12-19 10:57:02","100250","100914","98728.4"
"2024-12-19 10:58:02","100362","100914","98728.4"
"2024-12-19 10:59:02","100351","100914","98728.4"
"2024-12-19 11:00:02","100366","100914","98728.4"
"2024-12-19 11:01:02","100471","100914","98728.4"
"2024-12-19 11:02:02","100519","100914","98728.4"
"2024-12-19 11:03:02","100580","100914","98728.4"
"2024-12-19 11:04:02","100514","100914","98728.4"
"2024-12-19 11:05:02","100650","100914","98728.4"
"2024-12-19 11:06:02","100603","100914","98728.4"
"2024-12-19 11:07:02","100696","100914","98728.4"
"2024-12-19 11:08:02","100750","100914","98728.4"
"2024-12-19 11:09:02","100750","100914","98728.4"
"2024-12-19 11:10:02","100785","100914","98728.4"
"2024-12-19 11:11:02","100857","100914","98728.4"
"2024-12-19 11:12:02","100878","100914","98728.4"
"2024-12-19 11:13:02","100882","100914","98728.4"
"2024-12-19 11:14:02","100900","100914","98728.4"
"2024-12-19 11:15:02","100911","100914","98728.4"
"2024-12-19 11:16:02","100906","101036","98728.4"
"2024-12-19 11:17:02","100808","101036","98728.4"
"2024-12-19 11:18:02","100960","101036","98728.4"
"2024-12-19 11:19:02","100947","101036","98728.4"
"2024-12-19 11:20:02","101010","101036","98728.4"
"2024-12-19 11:21:02","100960","101036","98728.4"
"2024-12-19 11:22:02","100783","101036","98728.4"
"2024-12-19 11:23:02","100830","101036","98728.4"
"2024-12-19 11:24:02","100783","101036","98728.4"
"2024-12-19 11:25:02","100780","101036","98728.4"
"2024-12-19 11:26:02","100666","101036","98728.4"
"2024-12-19 11:27:02","100672","101036","98728.4"
"2024-12-19 11:28:02","100780","101036","98728.4"
"2024-12-19 11:29:02","100780","101036","98728.4"
"2024-12-19 11:30:02","100800","101036","98728.4"
"2024-12-19 11:31:02","100934","101036","98728.4"
"2024-12-19 11:32:02","100950","101036","98728.4"
"2024-12-19 11:33:02","100950","101036","98728.4"
"2024-12-19 11:34:01","100866","101036","98728.4"
"2024-12-19 11:35:02","101075","101075","98728.4"
"2024-12-19 11:36:02","101123","101123","98728.4"
"2024-12-19 11:37:02","101212","101212","98728.4"
"2024-12-19 11:38:02","101212","101212","98728.4"
"2024-12-19 11:39:02","101221","101234","98728.4"
"2024-12-19 11:40:01","100980","101234","98728.4"
"2024-12-19 11:41:02","101010","101234","98728.4"
"2024-12-19 11:42:02","100940","101234","98728.4"
"2024-12-19 11:43:02","100952","101234","98728.4"
"2024-12-19 11:44:02","100952","101234","98728.4"
"2024-12-19 11:45:02","100974","101234","98728.4"
"2024-12-19 11:46:02","100956","101234","98728.4"
"2024-12-19 11:47:02","100962","101234","98728.4"
"2024-12-19 11:48:02","100962","101234","98728.4"
"2024-12-19 11:49:02","101010","101234","98728.4"
"2024-12-19 11:50:02","101037","101234","98728.4"
"2024-12-19 11:51:02","101050","101234","98728.4"
"2024-12-19 11:52:02","101116","101234","98728.4"
"2024-12-19 11:53:02","101118","101234","98728.4"
"2024-12-19 11:54:02","101182","101234","98728.4"
"2024-12-19 11:55:02","101167","101234","98728.4"
"2024-12-19 11:56:02","101160","101234","98728.4"
"2024-12-19 11:57:02","101182","101234","98728.4"
"2024-12-19 11:58:02","101203","101234","98728.4"
"2024-12-19 11:59:02","101181","101234","98728.4"
"2024-12-19 12:00:02","101160","101234","98728.4"
