"2024-12-07 16:14:02","236.23","237.64","234.59"
"2024-12-07 16:14:29","236.12","237.64","234.59"
"2024-12-07 16:15:02","236.14","237.64","234.59"
"2024-12-07 16:16:02","236.04","237.64","234.59"
"2024-12-07 16:17:02","235.98","237.64","234.59"
"2024-12-07 16:18:02","235.85","237.64","234.59"
"2024-12-07 16:19:02","235.79","237.64","234.59"
"2024-12-07 16:20:02","235.72","237.64","234.59"
"2024-12-07 16:21:02","235.68","237.64","234.59"
"2024-12-07 16:22:02","235.56","237.64","234.59"
"2024-12-07 16:23:02","235.41","237.64","234.59"
"2024-12-07 16:24:03","235.47","237.64","234.59"
"2024-12-07 16:25:02","235.51","237.64","234.59"
"2024-12-07 16:26:02","235.62","237.64","234.59"
"2024-12-07 16:27:02","235.56","237.64","234.59"
"2024-12-07 16:28:02","235.79","237.64","234.59"
"2024-12-07 16:29:02","235.92","237.64","234.59"
"2024-12-07 16:30:02","235.96","237.64","234.59"
"2024-12-07 16:31:02","235.87","237.64","234.59"
"2024-12-07 16:32:02","235.75","237.64","234.59"
"2024-12-07 16:33:02","235.85","237.64","234.59"
"2024-12-07 16:34:02","235.83","237.64","234.59"
"2024-12-07 16:35:02","235.83","237.64","234.59"
"2024-12-07 16:36:02","235.83","237.64","234.59"
"2024-12-07 16:37:01","235.83","237.64","234.59"
"2024-12-07 16:38:02","235.92","237.64","234.59"
"2024-12-07 16:39:02","235.83","237.64","234.59"
"2024-12-07 16:40:02","235.39","237.64","234.59"
"2024-12-07 16:41:02","235.56","237.64","234.59"
"2024-12-07 16:42:02","235.43","237.64","234.59"
"2024-12-07 16:43:02","235.39","237.64","234.59"
"2024-12-07 16:44:02","235.45","237.64","234.59"
"2024-12-07 16:45:02","235.45","237.64","234.59"
"2024-12-07 16:46:02","235.56","237.64","234.59"
"2024-12-07 16:47:02","235.69","237.64","234.59"
"2024-12-07 16:48:02","235.99","237.64","234.59"
"2024-12-07 16:49:02","235.92","237.64","234.59"
"2024-12-07 16:50:02","235.97","237.64","234.59"
"2024-12-07 16:51:02","236.10","237.64","234.59"
"2024-12-07 16:52:02","236.04","237.64","234.59"
"2024-12-07 16:53:03","236.00","237.64","234.59"
"2024-12-08 15:45:03","238.43","241.53","237.00"
"2024-12-08 15:46:03","238.46","241.53","237.00"
"2024-12-08 15:47:02","238.21","241.53","237.00"
"2024-12-08 15:48:02","238.19","241.53","237.00"
"2024-12-08 15:49:02","238.25","241.53","237.00"
"2024-12-08 15:50:02","238.25","241.53","237.00"
"2024-12-08 15:51:02","238.23","241.53","237.00"
"2024-12-08 15:52:02","238.23","241.53","237.00"
"2024-12-08 15:53:03","238.31","241.53","237.00"
"2024-12-08 15:54:02","238.37","241.53","237.00"
"2024-12-08 15:55:02","238.22","241.53","237.00"
"2024-12-08 15:56:02","238.21","241.53","237.00"
"2024-12-08 15:57:02","238.00","241.53","237.00"
"2024-12-08 15:58:03","238.01","241.53","237.00"
"2024-12-08 15:59:02","238.00","241.53","237.00"
"2024-12-08 16:00:02","237.77","241.53","237.00"
"2024-12-08 16:01:03","237.86","241.53","237.00"
"2024-12-08 16:02:02","237.86","241.53","237.00"
"2024-12-08 16:03:02","237.84","241.53","237.00"
"2024-12-08 16:04:02","237.79","241.53","237.00"
"2024-12-08 16:05:02","237.57","241.53","237.00"
"2024-12-08 16:06:02","237.44","241.53","237.00"
"2024-12-08 16:07:02","237.05","241.53","237.00"
"2024-12-08 16:08:02","237.06","241.53","237.00"
"2024-12-08 16:09:02","237.00","241.53","237.00"
"2024-12-08 16:10:02","237.01","241.53","237.00"
"2024-12-08 16:11:02","237.24","241.53","237.00"
"2024-12-08 16:12:02","237.25","241.53","237.00"
"2024-12-08 16:13:02","236.85","241.53","236.85"
"2024-12-08 16:14:03","236.80","241.53","236.79"
"2024-12-08 16:15:02","237.00","241.53","236.79"
"2024-12-08 16:16:02","236.38","241.53","236.38"
"2024-12-08 16:17:02","236.00","241.53","236.00"
"2024-12-08 16:18:03","236.03","241.53","236.00"
"2024-12-08 16:19:02","236.02","241.53","236.00"
"2024-12-08 16:20:02","236.10","241.53","236.00"
"2024-12-08 16:21:02","235.81","241.53","235.80"
"2024-12-08 16:22:03","235.81","241.53","235.80"
"2024-12-08 16:23:02","235.90","241.53","235.80"
"2024-12-08 16:24:02","236.08","241.53","235.80"
"2024-12-08 16:25:03","236.18","241.53","235.80"
"2024-12-08 16:26:02","236.26","241.53","235.80"
"2024-12-08 16:27:02","236.26","241.53","235.80"
"2024-12-08 16:28:02","235.96","241.53","235.80"
"2024-12-08 16:29:03","235.96","241.53","235.80"
"2024-12-08 16:30:02","236.17","241.53","235.80"
"2024-12-08 16:31:02","236.15","241.53","235.80"
"2024-12-08 16:32:02","236.15","241.53","235.80"
"2024-12-08 16:33:03","236.11","241.53","235.80"
"2024-12-08 16:34:02","235.90","241.53","235.80"
"2024-12-08 16:35:02","235.76","241.53","235.76"
"2024-12-08 16:36:02","235.76","241.53","235.76"
"2024-12-08 16:37:03","235.76","241.53","235.76"
"2024-12-08 16:38:02","235.76","241.53","235.76"
"2024-12-08 16:39:02","235.79","241.53","235.75"
"2024-12-08 16:40:03","235.78","241.53","235.75"
"2024-12-08 16:41:02","235.63","241.53","235.63"
"2024-12-08 16:42:02","235.62","241.53","235.62"
"2024-12-08 16:43:02","235.65","241.53","235.62"
"2024-12-08 16:44:03","235.64","241.53","235.62"
"2024-12-08 16:45:02","235.69","241.53","235.62"
"2024-12-08 16:46:02","235.95","241.53","235.62"
"2024-12-08 16:47:02","236.24","241.53","235.62"
"2024-12-09 11:52:02","230.55","237.36","230.43"
"2024-12-09 11:53:03","230.48","237.36","230.42"
"2024-12-09 11:54:02","230.55","237.36","230.42"
"2024-12-09 11:55:02","230.74","237.36","230.42"
"2024-12-09 11:56:03","231.41","237.36","230.42"
